Suzanne,Jane,Jorgensen,1,7
Rachel,Ismael,Cummings,2,8
Claudia,Richard,Meeks,3,9
Rafael,Gregory,Pita,4,10
Gary,Martin,Hall,1,7
Margaret,Curt,Gilliland,2,8
Rufus,Millie,Crystal,3,9
Jeffrey,Jeffrey,Gochenour,4,10
Teresa,Jason,Wood,1,7
Allen,Arthur,Whaley,2,8
Norman,Cheryl,Alejandro,3,9
Susan,Linda,Dodds,4,10
Kenneth,Albert,Allen,1,7
Michael,Dorothy,Franklin,2,8
Clarence,Eldora,Field,3,9
Michael,Gregory,Scott,4,10
Kenneth,Brenda,Hyatt,1,7
Amy,Steven,Morris,2,8
Russell,Charles,Lee,3,9
Alicia,Kenneth,Casey,4,10
Marie,Amanda,Wan,1,7
Lillian,Allen,Piserchio,2,8
Karen,Salvatore,Nieves,3,9
John,Carolyn,Cowley,4,10
Gary,Phillip,White,1,7
Samantha,Mica,Carter,2,8
Joanna,Shirley,Gonzales,3,9
Lawrence,Tina,Robertson,4,10
Kelly,Sarah,Unruh,1,7
Sam,Jesus,Montelongo,2,8
Dong,Sandra,Colapietro,3,9
Mary,Anne,Foster,4,10
Angelina,Cameron,Pearson,1,7
Elizabeth,Christopher,Guadagno,2,8
Michael,Luanne,Binder,3,9
Imelda,Daniel,Ramos,4,10
Francis,Mildred,Beavers,1,7
Donald,Jeremy,Wallen,2,8
Robert,Forrest,Culbreth,3,9
Derrick,Gail,Mclaughlin,4,10
David,Sadie,Pineda,1,7
Arthur,Teresa,Walker,2,8
Elena,Floyd,Hanson,3,9
Tamara,Beth,Loggins,4,10
Lisa,Marilyn,Caldwell,1,7
Joyce,Elizabeth,Anders,2,8
Derrick,Robert,Pease,3,9
Anna,Stephanie,Manganaro,4,10
Angelica,Dixie,Juares,1,7
Amy,Charles,Cashio,2,8
Robert,Sol,Thompson,3,9
Lindsay,Steven,James,4,10
Jermaine,Felton,Fuller,1,7
Britta,James,Curran,2,8
Lisa,Susan,Galimi,3,9
Judith,Steven,Coffman,4,10
Ellen,Kassandra,Bridges,1,7
Manuel,Helen,Switzer,2,8
Mark,Donald,Bradley,3,9
Robert,Kimberly,Cooke,4,10
Penny,Debra,Smith,1,7
Dante,Harry,Gibson,2,8
Jorge,Thomas,Dunlap,3,9
Emma,Edward,Hulbert,4,10
Rebecca,Jennifer,Dudgeon,1,7
Deanna,Leslie,Juarez,2,8
Anne,Jolene,Maciasz,3,9
Darren,Gary,Alldredge,4,10
Charles,Susan,Ross,1,7
Robert,Kevin,Stanley,2,8
John,Catherine,Gonzalez,3,9
Duane,Woodrow,Frailey,4,10
Steven,Raymond,Pointer,1,7
Everett,Kyle,Sanders,2,8
Juan,George,Haggard,3,9
Raymond,Miriam,Gallaway,4,10
Malcolm,Cindy,Kimberling,1,7
Lonnie,Jamie,Rayo,2,8
Maria,Dolores,Mcfee,3,9
Natalie,Paul,Grandi,4,10